"qseqid"	"kingdom"	"phylum"	"class"	"order"	"family"	"genus"	"species"
"seq409"	"Fungi"	"Ascomycota"	"Dothideomycetes"	"Mycosphaerellales"	"Mycosphaerellaceae"	"Ramularia"	"Ramularia endophylla"
"seq418"	"Fungi"	"Ascomycota"	"Dothideomycetes"	"Mycosphaerellales"	"Mycosphaerellaceae"	"Ramularia"	"Ramularia endophylla"
"seq437"	"Fungi"	"Ascomycota"	"Dothideomycetes"	"Pleosporales"	"Phaeosphaeriaceae"	"Ophiosphaerella"	"Ophiosphaerella herpotricha"
"seq447"	"Fungi"	"Ascomycota"	"Dothideomycetes"	"Pleosporales"	"Phaeosphaeriaceae"	"Ophiosphaerella"	"Ophiosphaerella herpotricha"
"seq4761"	"Fungi"	"Ascomycota"	"Dothideomycetes"	"Pleosporales"	"Thyridariaceae"	"Parathyridaria"	"Parathyridaria percutanea"
"seq4884"	"Fungi"	"Ascomycota"	"Dothideomycetes"	"Pleosporales"	"Thyridariaceae"	"Parathyridaria"	"Parathyridaria percutanea"
"seq5414"	"Fungi"	"Ascomycota"	"Eurotiomycetes"	"Chaetothyriales"	"Herpotrichiellaceae"	"Capronia"	"Capronia parasitica"
"seq6174"	"Fungi"	"Ascomycota"	"Eurotiomycetes"	"Chaetothyriales"	"Herpotrichiellaceae"	"Capronia"	"Capronia parasitica"
"seq5675"	"Fungi"	"Ascomycota"	"Eurotiomycetes"	"Chaetothyriales"	"Herpotrichiellaceae"	"Phialophora"	"Phialophora verrucosa"
"seq6921"	"Fungi"	"Ascomycota"	"Eurotiomycetes"	"Chaetothyriales"	"Herpotrichiellaceae"	"Phialophora"	"Phialophora verrucosa"
"seq2311"	"Fungi"	"Ascomycota"	"Sordariomycetes"	"Glomerellales"	"Plectosphaerellaceae"	"Verticillium"	"Verticillium dahliae"
"seq2369"	"Fungi"	"Ascomycota"	"Sordariomycetes"	"Glomerellales"	"Plectosphaerellaceae"	"Verticillium"	"Verticillium dahliae"
"seq2809"	"Fungi"	"Ascomycota"	"Sordariomycetes"	"Hypocreales"	"Hypocreaceae"	"Trichoderma"	"Trichoderma reesei"
"seq2904"	"Fungi"	"Ascomycota"	"Sordariomycetes"	"Hypocreales"	"Hypocreaceae"	"Trichoderma"	"Trichoderma reesei"
"seq1021"	"Fungi"	"Ascomycota"	"Sordariomycetes"	"Hypocreales"	"Nectriaceae"	"Fusarium"	"Fusarium venenatum"
"seq997"	"Fungi"	"Ascomycota"	"Sordariomycetes"	"Hypocreales"	"Nectriaceae"	"Fusarium"	"Fusarium venenatum"
"seq176"	"Fungi"	"Ascomycota"	"Sordariomycetes"	"Hypocreales"	"Sarocladiaceae"	"Sarocladium"	"Sarocladium bactrocephalum"
"seq212"	"Fungi"	"Ascomycota"	"Sordariomycetes"	"Hypocreales"	"Sarocladiaceae"	"Sarocladium"	"Sarocladium bactrocephalum"
"seq2691"	"Fungi"	"Ascomycota"	"Sordariomycetes"	"Hypocreales"	"Sarocladiaceae"	"Sarocladium"	"Sarocladium bactrocephalum"
"seq2720"	"Fungi"	"Ascomycota"	"Sordariomycetes"	"Hypocreales"	"Sarocladiaceae"	"Sarocladium"	"Sarocladium bactrocephalum"
"seq3405"	"Fungi"	"Ascomycota"	"Sordariomycetes"	"Hypocreales"	"Sarocladiaceae"	"Sarocladium"	"Sarocladium bactrocephalum"
"seq3582"	"Fungi"	"Ascomycota"	"Sordariomycetes"	"Hypocreales"	"Sarocladiaceae"	"Sarocladium"	"Sarocladium bactrocephalum"
"seq3649"	"Fungi"	"Ascomycota"	"Sordariomycetes"	"Hypocreales"	"Sarocladiaceae"	"Sarocladium"	"Sarocladium bactrocephalum"
"seq3756"	"Fungi"	"Ascomycota"	"Sordariomycetes"	"Hypocreales"	"Sarocladiaceae"	"Sarocladium"	"Sarocladium bactrocephalum"
"seq3350"	"Fungi"	"Ascomycota"	"Sordariomycetes"	"Xylariales"	"Diatrypaceae"	"Diatrype"	"Diatrype disciformis"
"seq6614"	"Fungi"	"Basidiomycota"	"Atractiellomycetes"	"Atractiellales"	"Helicogloeaceae"	"Neogloea"	"Neogloea variabilis"
"seq6684"	"Fungi"	"Basidiomycota"	"Atractiellomycetes"	"Atractiellales"	"Helicogloeaceae"	"Neogloea"	"Neogloea variabilis"
"seq6931"	"Fungi"	"Basidiomycota"	"Malasseziomycetes"	"Malasseziales"	"Malasseziaceae"	"Malassezia"	"Malassezia furfur"
"seq7089"	"Fungi"	"Basidiomycota"	"Malasseziomycetes"	"Malasseziales"	"Malasseziaceae"	"Malassezia"	"Malassezia furfur"
"seq38"	"Fungi"	"Basidiomycota"	"Malasseziomycetes"	NA	NA	NA	"Malasseziomycetes sp."
"seq41"	"Fungi"	"Basidiomycota"	"Malasseziomycetes"	NA	NA	NA	"Malasseziomycetes sp."
"seq1790"	"Fungi"	"Basidiomycota"	"Malasseziomycetes"	NA	NA	NA	"Malasseziomycetes sp."
"seq1854"	"Fungi"	"Basidiomycota"	"Malasseziomycetes"	NA	NA	NA	"Malasseziomycetes sp."
"seq1995"	"Fungi"	"Basidiomycota"	"Malasseziomycetes"	NA	NA	NA	"Malasseziomycetes sp."
"seq2030"	"Fungi"	"Basidiomycota"	"Malasseziomycetes"	NA	NA	NA	"Malasseziomycetes sp."
"seq2042"	"Fungi"	"Basidiomycota"	"Malasseziomycetes"	NA	NA	NA	"Malasseziomycetes sp."
"seq2046"	"Fungi"	"Basidiomycota"	"Malasseziomycetes"	NA	NA	NA	"Malasseziomycetes sp."
"seq2085"	"Fungi"	"Basidiomycota"	"Malasseziomycetes"	NA	NA	NA	"Malasseziomycetes sp."
"seq2109"	"Fungi"	"Basidiomycota"	"Malasseziomycetes"	NA	NA	NA	"Malasseziomycetes sp."
"seq2119"	"Fungi"	"Basidiomycota"	"Malasseziomycetes"	NA	NA	NA	"Malasseziomycetes sp."
"seq7860"	"Fungi"	"Basidiomycota"	"Malasseziomycetes"	NA	NA	NA	"Malasseziomycetes sp."
"seq2453"	"Fungi"	"Blastocladiomycota"	"Physodermatomycetes"	"Physodermatales"	"Physodermataceae"	"Paraphysoderma"	"Paraphysoderma sedebokerense"
"seq2521"	"Fungi"	"Blastocladiomycota"	"Physodermatomycetes"	"Physodermatales"	"Physodermataceae"	"Paraphysoderma"	"Paraphysoderma sedebokerense"
"seq3530"	"Fungi"	"Chytridiomycota"	"Chytridiomycetes"	"Chytridiales"	"Chytriomycetaceae"	"Chytriomyces"	"Chytriomyces sp. JEL341"
"seq3947"	"Fungi"	"Chytridiomycota"	"Chytridiomycetes"	"Chytridiales"	"Chytriomycetaceae"	"Chytriomyces"	"Chytriomyces sp. JEL341"
"seq5940"	"Fungi"	"Chytridiomycota"	"Chytridiomycetes"	"Chytridiales"	"Chytriomycetaceae"	"Entophlyctis"	"Entophlyctis sp. JEL122"
"seq6405"	"Fungi"	"Chytridiomycota"	"Chytridiomycetes"	"Chytridiales"	"Chytriomycetaceae"	"Entophlyctis"	"Entophlyctis sp. JEL122"
"seq13395"	"Fungi"	"Chytridiomycota"	"Chytridiomycetes"	"Cladochytriales"	"Endochytriaceae"	"Endochytrium"	"Endochytrium sp. JEL 049"
"seq14196"	"Fungi"	"Chytridiomycota"	"Chytridiomycetes"	"Cladochytriales"	"Endochytriaceae"	"Endochytrium"	"Endochytrium sp. JEL 049"
"seq6911"	"Fungi"	"Chytridiomycota"	"Chytridiomycetes"	"Lobulomycetales"	"Lobulomycetaceae"	NA	"[Zygorhizidium] affluens"
"seq7587"	"Fungi"	"Chytridiomycota"	"Chytridiomycetes"	"Lobulomycetales"	"Lobulomycetaceae"	NA	"[Zygorhizidium] affluens"
"seq4441"	"Fungi"	"Chytridiomycota"	"Chytridiomycetes"	NA	NA	"Blyttiomyces"	"Blyttiomyces helicus"
"seq4561"	"Fungi"	"Chytridiomycota"	"Chytridiomycetes"	NA	NA	"Blyttiomyces"	"Blyttiomyces helicus"
"seq7933"	"Fungi"	"Chytridiomycota"	"Chytridiomycetes"	"Rhizophlyctidales"	"Rhizophlyctidaceae"	"Rhizophlyctis"	"Rhizophlyctis rosea"
"seq9186"	"Fungi"	"Chytridiomycota"	"Chytridiomycetes"	"Rhizophlyctidales"	"Rhizophlyctidaceae"	"Rhizophlyctis"	"Rhizophlyctis rosea"
"seq5123"	"Fungi"	"Chytridiomycota"	"Chytridiomycetes"	"Rhizophlyctidales"	"Rhizophlyctidaceae"	"Rhizophlyctis"	"Rhizophlyctis rosea"
"seq5144"	"Fungi"	"Chytridiomycota"	"Chytridiomycetes"	"Rhizophlyctidales"	"Rhizophlyctidaceae"	"Rhizophlyctis"	"Rhizophlyctis rosea"
"seq62"	"Fungi"	"Chytridiomycota"	"Chytridiomycetes"	"Rhizophydiales"	"Rhizophydiaceae"	"Rhizophydium"	"Rhizophydium patellarium"
"seq1080"	"Fungi"	"Chytridiomycota"	"Chytridiomycetes"	"Rhizophydiales"	"Rhizophydiaceae"	"Rhizophydium"	"Rhizophydium patellarium"
"seq1154"	"Fungi"	"Chytridiomycota"	"Chytridiomycetes"	"Rhizophydiales"	"Rhizophydiaceae"	"Rhizophydium"	"Rhizophydium patellarium"
"seq7140"	"Fungi"	"Chytridiomycota"	"Chytridiomycetes"	"Rhizophydiales"	"Rhizophydiaceae"	"Rhizophydium"	"Rhizophydium patellarium"
"seq7560"	"Fungi"	"Chytridiomycota"	"Chytridiomycetes"	"Rhizophydiales"	"Rhizophydiaceae"	"Rhizophydium"	"Rhizophydium patellarium"
"seq9221"	"Fungi"	"Chytridiomycota"	"Chytridiomycetes"	"Rhizophydiales"	"Rhizophydiaceae"	"Rhizophydium"	"Rhizophydium patellarium"
"seq10482"	"Fungi"	"Chytridiomycota"	"Chytridiomycetes"	"Rhizophydiales"	"Rhizophydiaceae"	"Rhizophydium"	"Rhizophydium patellarium"
"seq1795"	"Fungi"	"Chytridiomycota"	"Chytridiomycetes"	"Rhizophydiales"	"Rhizophydiaceae"	"Rhizophydium"	"Rhizophydium scenedesmi"
"seq1950"	"Fungi"	"Chytridiomycota"	"Chytridiomycetes"	"Rhizophydiales"	"Rhizophydiaceae"	"Rhizophydium"	"Rhizophydium scenedesmi"
"seq6292"	"Fungi"	"Chytridiomycota"	"Chytridiomycetes"	"Rhizophydiales"	"Rhizophydiaceae"	"Rhizophydium"	"Rhizophydium sp. UGA-F16"
"seq6822"	"Fungi"	"Chytridiomycota"	"Chytridiomycetes"	"Rhizophydiales"	"Rhizophydiaceae"	"Rhizophydium"	"Rhizophydium sp. UGA-F16"
"seq2605"	"Fungi"	"Chytridiomycota"	"Chytridiomycetes"	"Rhizophydiales"	"Rhizophydiaceae"	"Rhizophydium"	"Rhizophydium sp. UGA-F16"
"seq2707"	"Fungi"	"Chytridiomycota"	"Chytridiomycetes"	"Rhizophydiales"	"Rhizophydiaceae"	"Rhizophydium"	"Rhizophydium sp. UGA-F16"
"seq10001"	"Fungi"	"Chytridiomycota"	"Chytridiomycetes"	"Rhizophydiales"	"Rhizophydiaceae"	"Rhizophydium"	"Rhizophydium sp. UGA-F16"
"seq10409"	"Fungi"	"Chytridiomycota"	"Chytridiomycetes"	"Rhizophydiales"	"Rhizophydiaceae"	"Rhizophydium"	"Rhizophydium sp. UGA-F16"
"seq3002"	"Metazoa"	"Annelida"	"Clitellata"	"Tubificida"	"Naididae"	"Nais"	"Nais communis"
"seq3109"	"Metazoa"	"Annelida"	"Clitellata"	"Tubificida"	"Naididae"	"Nais"	"Nais communis"
"seq3273"	"Metazoa"	"Annelida"	"Clitellata"	"Tubificida"	"Naididae"	"Tubificoides"	"Tubificoides benedii"
"seq3468"	"Metazoa"	"Annelida"	"Clitellata"	"Tubificida"	"Naididae"	"Tubificoides"	"Tubificoides benedii"
"seq2"	"Metazoa"	"Arthropoda"	"Hexanauplia"	"Calanoida"	"Paracalanidae"	"Paracalanus"	"Paracalanus parvus"
"seq8949"	"Metazoa"	"Arthropoda"	"Hexanauplia"	"Cyclopoida"	"Cyclopidae"	"Acanthocyclops"	"Acanthocyclops vernalis"
"seq9217"	"Metazoa"	"Arthropoda"	"Hexanauplia"	"Cyclopoida"	"Cyclopidae"	"Acanthocyclops"	"Acanthocyclops vernalis"
"seq2305"	"Metazoa"	"Arthropoda"	"Ichthyostraca"	"Porocephalida"	"Linguatulidae"	"Linguatula"	"Linguatula serrata"
"seq2728"	"Metazoa"	"Arthropoda"	"Insecta"	"Coleoptera"	"Carabidae"	"Trechus"	"Trechus obtusus"
"seq2884"	"Metazoa"	"Arthropoda"	"Insecta"	"Coleoptera"	"Carabidae"	"Trechus"	"Trechus obtusus"
"seq5502"	"Metazoa"	"Chordata"	"Actinopteri"	"Cypriniformes"	"Leuciscidae"	"Rutilus"	"Rutilus rutilus"
"seq6041"	"Metazoa"	"Chordata"	"Actinopteri"	"Cypriniformes"	"Leuciscidae"	"Rutilus"	"Rutilus rutilus"
"seq528"	"Metazoa"	"Chordata"	"Mammalia"	"Primates"	"Hominidae"	"Homo"	"Homo sapiens"
"seq596"	"Metazoa"	"Chordata"	"Mammalia"	"Primates"	"Hominidae"	"Homo"	"Homo sapiens"
"seq8444"	"Metazoa"	"Gastrotricha"	NA	"Chaetonotida"	"Chaetonotidae"	"Chaetonotus"	"Chaetonotus bombardus"
"seq9684"	"Metazoa"	"Gastrotricha"	NA	"Chaetonotida"	"Chaetonotidae"	"Chaetonotus"	"Chaetonotus bombardus"
"seq3944"	"Metazoa"	"Gastrotricha"	NA	"Chaetonotida"	"Chaetonotidae"	"Chaetonotus"	"Chaetonotus cf. maximus TK186"
"seq4589"	"Metazoa"	"Gastrotricha"	NA	"Chaetonotida"	"Chaetonotidae"	"Chaetonotus"	"Chaetonotus cf. maximus TK186"
"seq6849"	"Metazoa"	"Gastrotricha"	NA	"Chaetonotida"	"Chaetonotidae"	"Chaetonotus"	"Chaetonotus laroides"
"seq6999"	"Metazoa"	"Gastrotricha"	NA	"Chaetonotida"	"Chaetonotidae"	"Chaetonotus"	"Chaetonotus laroides"
"seq1223"	"Metazoa"	"Gastrotricha"	NA	"Chaetonotida"	"Chaetonotidae"	"Heterolepidoderma"	"Heterolepidoderma macrops"
"seq1262"	"Metazoa"	"Gastrotricha"	NA	"Chaetonotida"	"Chaetonotidae"	"Heterolepidoderma"	"Heterolepidoderma macrops"
"seq9685"	"Metazoa"	"Gastrotricha"	NA	"Chaetonotida"	"Chaetonotidae"	"Lepidodermella"	"Lepidodermella minus"
"seq11310"	"Metazoa"	"Gastrotricha"	NA	"Chaetonotida"	"Chaetonotidae"	"Lepidodermella"	"Lepidodermella minus"
"seq4835"	"Metazoa"	"Gastrotricha"	NA	"Chaetonotida"	"Chaetonotidae"	"Lepidodermella"	"Lepidodermella minus"
"seq5330"	"Metazoa"	"Gastrotricha"	NA	"Chaetonotida"	"Chaetonotidae"	"Lepidodermella"	"Lepidodermella minus"
"seq20"	"Metazoa"	"Mollusca"	"Bivalvia"	"Mytilida"	"Mytilidae"	"Mytilus"	"Mytilus trossulus"
"seq10238"	"Metazoa"	"Nematoda"	"Chromadorea"	"Monhysterida"	"Monhysteridae"	"Eumonhystera"	"Eumonhystera cf. hungarica 1 JH-2014"
"seq11151"	"Metazoa"	"Nematoda"	"Chromadorea"	"Monhysterida"	"Monhysteridae"	"Eumonhystera"	"Eumonhystera cf. hungarica 1 JH-2014"
"seq2873"	"Metazoa"	"Nematoda"	"Chromadorea"	"Monhysterida"	"Monhysteridae"	"Monhystera"	"Monhystera sp. QTDST05"
"seq3053"	"Metazoa"	"Nematoda"	"Chromadorea"	"Monhysterida"	"Monhysteridae"	"Monhystera"	"Monhystera sp. QTDST05"
"seq8838"	"Metazoa"	"Nematoda"	"Chromadorea"	"Monhysterida"	"Monhysteridae"	NA	"Monhysteridae sp. NK-2011a"
"seq9069"	"Metazoa"	"Nematoda"	"Chromadorea"	"Monhysterida"	"Monhysteridae"	NA	"Monhysteridae sp. NK-2011a"
"seq1757"	"Metazoa"	"Platyhelminthes"	"Rhabditophora"	"Macrostomida"	"Microstomidae"	"Microstomum"	"Microstomum bispiralis"
"seq1976"	"Metazoa"	"Platyhelminthes"	"Rhabditophora"	"Macrostomida"	"Microstomidae"	"Microstomum"	"Microstomum bispiralis"
"seq10151"	"Metazoa"	"Platyhelminthes"	"Rhabditophora"	"Rhabdocoela"	"Typhloplanidae"	"Phaenocora"	"Phaenocora unipunctata"
"seq13520"	"Metazoa"	"Platyhelminthes"	"Rhabditophora"	"Rhabdocoela"	"Typhloplanidae"	"Phaenocora"	"Phaenocora unipunctata"
"seq3390"	"Metazoa"	"Porifera"	"Calcarea"	"Leucosolenida"	"Heteropiidae"	NA	"Heteropiidae sp. AA-2018"
"seq3712"	"Metazoa"	"Porifera"	"Calcarea"	"Leucosolenida"	"Heteropiidae"	NA	"Heteropiidae sp. AA-2018"
"seq4231"	"Metazoa"	"Porifera"	"Calcarea"	"Leucosolenida"	"Heteropiidae"	NA	"Heteropiidae sp. AA-2018"
"seq4468"	"Metazoa"	"Porifera"	"Calcarea"	"Leucosolenida"	"Heteropiidae"	NA	"Heteropiidae sp. AA-2018"
"seq8457"	"Metazoa"	"Porifera"	"Calcarea"	"Leucosolenida"	"Heteropiidae"	NA	"Heteropiidae sp. AA-2018"
"seq11876"	"Metazoa"	"Porifera"	"Calcarea"	"Leucosolenida"	"Heteropiidae"	NA	"Heteropiidae sp. AA-2018"
"seq11488"	"Metazoa"	"Porifera"	"Demospongiae"	"Dendroceratida"	"Darwinellidae"	"Chelonaplysilla"	"Chelonaplysilla erecta"
"seq12825"	"Metazoa"	"Porifera"	"Demospongiae"	"Dendroceratida"	"Darwinellidae"	"Chelonaplysilla"	"Chelonaplysilla erecta"
"seq870"	"Metazoa"	"Porifera"	"Demospongiae"	"Spongillida"	"Spongillidae"	"Ephydatia"	"Ephydatia fluviatilis"
"seq905"	"Metazoa"	"Porifera"	"Demospongiae"	"Spongillida"	"Spongillidae"	"Ephydatia"	"Ephydatia fluviatilis"
"seq4776"	"Metazoa"	"Porifera"	"Demospongiae"	"Spongillida"	"Spongillidae"	"Ephydatia"	"Ephydatia fluviatilis"
"seq5644"	"Metazoa"	"Porifera"	"Demospongiae"	"Spongillida"	"Spongillidae"	"Ephydatia"	"Ephydatia fluviatilis"
"seq3963"	"Metazoa"	"Rotifera"	"Eurotatoria"	"Flosculariaceae"	"Conochilidae"	"Conochilus"	"Conochilus coenobasis"
"seq4088"	"Metazoa"	"Rotifera"	"Eurotatoria"	"Flosculariaceae"	"Conochilidae"	"Conochilus"	"Conochilus coenobasis"
"seq1872"	"Metazoa"	"Rotifera"	"Eurotatoria"	"Ploima"	"Brachionidae"	"Brachionus"	"Brachionus calyciflorus"
"seq1893"	"Metazoa"	"Rotifera"	"Eurotatoria"	"Ploima"	"Brachionidae"	"Brachionus"	"Brachionus calyciflorus"
"seq4152"	"Metazoa"	"Rotifera"	"Eurotatoria"	"Ploima"	"Brachionidae"	"Euchlanis"	"Euchlanis dilatata"
"seq4256"	"Metazoa"	"Rotifera"	"Eurotatoria"	"Ploima"	"Brachionidae"	"Euchlanis"	"Euchlanis dilatata"
"seq6833"	"Metazoa"	"Rotifera"	"Eurotatoria"	"Ploima"	"Synchaetidae"	"Synchaeta"	"Synchaeta oblonga"
"seq7871"	"Metazoa"	"Rotifera"	"Eurotatoria"	"Ploima"	"Synchaetidae"	"Synchaeta"	"Synchaeta oblonga"
"seq1855"	"Metazoa"	"Rotifera"	"Eurotatoria"	"Ploima"	"Synchaetidae"	"Synchaeta"	"Synchaeta pectinata"
"seq1883"	"Metazoa"	"Rotifera"	"Eurotatoria"	"Ploima"	"Synchaetidae"	"Synchaeta"	"Synchaeta pectinata"
"seq3835"	"Metazoa"	"Rotifera"	"Eurotatoria"	"Ploima"	"Synchaetidae"	"Synchaeta"	"Synchaeta pectinata"
"seq3906"	"Metazoa"	"Rotifera"	"Eurotatoria"	"Ploima"	"Synchaetidae"	"Synchaeta"	"Synchaeta pectinata"
"seq6606"	"Metazoa"	"Rotifera"	"Eurotatoria"	"Ploima"	"Synchaetidae"	"Synchaeta"	"Synchaeta pectinata"
"seq6546"	NA	"Bacillariophyta"	"Bacillariophyceae"	"Bacillariales"	"Bacillariaceae"	"Nitzschia"	"Nitzschia dissipata"
"seq7158"	NA	"Bacillariophyta"	"Bacillariophyceae"	"Bacillariales"	"Bacillariaceae"	"Nitzschia"	"Nitzschia dissipata"
"seq10824"	NA	"Bacillariophyta"	"Bacillariophyceae"	"Bacillariales"	"Bacillariaceae"	"Nitzschia"	"Nitzschia fonticola"
"seq11803"	NA	"Bacillariophyta"	"Bacillariophyceae"	"Bacillariales"	"Bacillariaceae"	"Nitzschia"	"Nitzschia fonticola"
"seq4777"	NA	"Bacillariophyta"	"Bacillariophyceae"	"Cymbellales"	"Cymbellaceae"	"Encyonema"	"Encyonema silesiacum"
"seq5125"	NA	"Bacillariophyta"	"Bacillariophyceae"	"Cymbellales"	"Cymbellaceae"	"Encyonema"	"Encyonema silesiacum"
"seq9095"	NA	"Bacillariophyta"	"Bacillariophyceae"	"Cymbellales"	"Gomphonemataceae"	"Gomphonema"	"Gomphonema acuminatum"
"seq9200"	NA	"Bacillariophyta"	"Bacillariophyceae"	"Cymbellales"	"Gomphonemataceae"	"Gomphonema"	"Gomphonema acuminatum"
"seq2558"	NA	"Bacillariophyta"	"Coscinodiscophyceae"	"Thalassiosirales"	"Thalassiosiraceae"	"Stephanocyclus"	"Stephanocyclus meneghinianus"
"seq2846"	NA	"Bacillariophyta"	"Coscinodiscophyceae"	"Thalassiosirales"	"Thalassiosiraceae"	"Stephanocyclus"	"Stephanocyclus meneghinianus"
"seq14305"	NA	"Bacillariophyta"	"Fragilariophyceae"	"Fragilariales"	"Fragilariaceae"	"Diatoma"	"Diatoma tenuis"
"seq15116"	NA	"Bacillariophyta"	"Fragilariophyceae"	"Fragilariales"	"Fragilariaceae"	"Diatoma"	"Diatoma tenuis"
"seq5047"	NA	"Bacillariophyta"	"Fragilariophyceae"	"Fragilariales"	"Staurosiraceae"	"Pseudostaurosira"	"Pseudostaurosira madagascariensis"
"seq5594"	NA	"Bacillariophyta"	"Fragilariophyceae"	"Fragilariales"	"Staurosiraceae"	"Pseudostaurosira"	"Pseudostaurosira madagascariensis"
"seq6232"	NA	"Bacillariophyta"	"Fragilariophyceae"	"Licmophorales"	"Ulnariaceae"	"Ulnaria"	"Ulnaria ulna"
"seq6974"	NA	"Bacillariophyta"	"Fragilariophyceae"	"Licmophorales"	"Ulnariaceae"	"Ulnaria"	"Ulnaria ulna"
"seq13975"	NA	"Bacillariophyta"	"Fragilariophyceae"	"Licmophorales"	"Ulnariaceae"	"Ulnaria"	"Ulnaria ulna"
"seq16866"	NA	"Bacillariophyta"	"Fragilariophyceae"	"Licmophorales"	"Ulnariaceae"	"Ulnaria"	"Ulnaria ulna"
"seq8046"	NA	"Bacillariophyta"	"Fragilariophyceae"	"Licmophorales"	"Ulnariaceae"	"Ulnaria"	"Ulnaria ulna"
"seq9897"	NA	"Bacillariophyta"	"Fragilariophyceae"	"Licmophorales"	"Ulnariaceae"	"Ulnaria"	"Ulnaria ulna"
"seq6638"	NA	"Bacillariophyta"	NA	NA	NA	NA	"Peridiniopsis penardii diatom endosymbiont"
"seq9922"	NA	"Bacillariophyta"	NA	NA	NA	NA	"Peridiniopsis penardii diatom endosymbiont"
"seq3887"	NA	"Cercozoa"	"Imbricatea"	"Thaumatomonadida"	"Thaumatomastigidae"	"Thaumatomastix"	"Thaumatomastix sp. CC002-Boundary Bay"
"seq4269"	NA	"Cercozoa"	"Imbricatea"	"Thaumatomonadida"	"Thaumatomastigidae"	"Thaumatomastix"	"Thaumatomastix sp. CC002-Boundary Bay"
"seq5690"	NA	"Cercozoa"	NA	"Cercomonadida"	"Cercomonadidae"	"Paracercomonas"	"Paracercomonas sp."
"seq5731"	NA	"Cercozoa"	NA	"Cercomonadida"	"Cercomonadidae"	"Paracercomonas"	"Paracercomonas sp."
"seq2681"	NA	"Cercozoa"	NA	"Cercomonadida"	"Cercomonadidae"	"Paracercomonas"	"Paracercomonas sp. xt159"
"seq2916"	NA	"Cercozoa"	NA	"Cercomonadida"	"Cercomonadidae"	"Paracercomonas"	"Paracercomonas sp. xt159"
"seq4469"	NA	"Cercozoa"	NA	"Cercomonadida"	"Heteromitidae"	"Heteromita"	"Heteromita globosa"
"seq4764"	NA	"Cercozoa"	NA	"Cercomonadida"	"Heteromitidae"	"Heteromita"	"Heteromita globosa"
"seq11150"	NA	"Cercozoa"	NA	"Cercomonadida"	NA	"Metabolomonas"	"Metabolomonas insania"
"seq12261"	NA	"Cercozoa"	NA	"Cercomonadida"	NA	"Metabolomonas"	"Metabolomonas insania"
"seq2685"	NA	"Cercozoa"	NA	"Glissomonadida"	"Allapsidae"	"Allantion"	"Allantion parvum"
"seq2838"	NA	"Cercozoa"	NA	"Glissomonadida"	"Allapsidae"	"Allantion"	"Allantion parvum"
"seq5647"	NA	"Cercozoa"	NA	"Glissomonadida"	"Sandonidae"	"Sandona"	"Sandona mutans"
"seq6685"	NA	"Cercozoa"	NA	"Glissomonadida"	"Sandonidae"	"Sandona"	"Sandona mutans"
"seq4948"	NA	"Cercozoa"	NA	"Glissomonadida"	"Viridiraptoridae"	"Viridiraptor"	"Viridiraptor invadens"
"seq5302"	NA	"Cercozoa"	NA	"Glissomonadida"	"Viridiraptoridae"	"Viridiraptor"	"Viridiraptor invadens"
"seq1543"	NA	"Cercozoa"	NA	NA	NA	NA	"Cercozoa sp. Driefontein B"
"seq1531"	NA	"Cercozoa"	NA	NA	NA	NA	"Cercozoa sp. Driefontein B"
"seq6548"	NA	"Cercozoa"	"Thecofilosea"	"Cryomonadida"	"Rhogostomidae"	"Rhogostoma"	"Rhogostoma cylindrica"
"seq7586"	NA	"Cercozoa"	"Thecofilosea"	"Cryomonadida"	"Rhogostomidae"	"Rhogostoma"	"Rhogostoma cylindrica"
"seq6024"	NA	"Cercozoa"	"Thecofilosea"	"Cryomonadida"	"Rhogostomidae"	"Rhogostoma"	"Rhogostoma sp. 1966/2"
"seq6085"	NA	"Cercozoa"	"Thecofilosea"	"Cryomonadida"	"Rhogostomidae"	"Rhogostoma"	"Rhogostoma sp. 1966/2"
"seq2679"	NA	"Cercozoa"	"Thecofilosea"	"Tectofilosida"	"Chlamydophryidae"	"Lecythium"	"Lecythium sp."
"seq2792"	NA	"Cercozoa"	"Thecofilosea"	"Tectofilosida"	"Chlamydophryidae"	"Lecythium"	"Lecythium sp."
"seq5386"	NA	"Ciliophora"	"Armophorea"	"Metopida"	"Metopidae"	"Metopus"	"Metopus setosus"
"seq5729"	NA	"Ciliophora"	"Armophorea"	"Metopida"	"Metopidae"	"Metopus"	"Metopus setosus"
"seq2357"	NA	"Ciliophora"	"Heterotrichea"	"Heterotrichida"	"Stentoridae"	"Stentor"	"Stentor coeruleus"
"seq2653"	NA	"Ciliophora"	"Heterotrichea"	"Heterotrichida"	"Stentoridae"	"Stentor"	"Stentor coeruleus"
"seq3033"	NA	"Ciliophora"	"Heterotrichea"	"Heterotrichida"	"Stentoridae"	"Stentor"	"Stentor muelleri"
"seq3123"	NA	"Ciliophora"	"Heterotrichea"	"Heterotrichida"	"Stentoridae"	"Stentor"	"Stentor muelleri"
"seq4358"	NA	"Ciliophora"	"Heterotrichea"	"Heterotrichida"	"Stentoridae"	"Stentor"	"Stentor polymorphus"
"seq5453"	NA	"Ciliophora"	"Heterotrichea"	"Heterotrichida"	"Stentoridae"	"Stentor"	"Stentor polymorphus"
"seq4044"	NA	"Ciliophora"	"Heterotrichea"	"Heterotrichida"	"Stentoridae"	"Stentor"	"Stentor roeselii"
"seq4065"	NA	"Ciliophora"	"Heterotrichea"	"Heterotrichida"	"Stentoridae"	"Stentor"	"Stentor roeselii"
"seq3731"	NA	"Ciliophora"	"Litostomatea"	"Haptorida"	"Dileptidae"	"Dileptus"	"Dileptus sp. FG-2015"
"seq3911"	NA	"Ciliophora"	"Litostomatea"	"Haptorida"	"Dileptidae"	"Dileptus"	"Dileptus sp. FG-2015"
"seq3242"	NA	"Ciliophora"	"Litostomatea"	"Haptorida"	"Enchelyidae"	"Enchelys"	"Enchelys megaspinata"
"seq3451"	NA	"Ciliophora"	"Litostomatea"	"Haptorida"	"Enchelyidae"	"Enchelys"	"Enchelys megaspinata"
"seq2341"	NA	"Ciliophora"	"Litostomatea"	"Haptorida"	"Lacrymariidae"	"Phialina"	"Phialina salinarum"
"seq2506"	NA	"Ciliophora"	"Litostomatea"	"Haptorida"	"Lacrymariidae"	"Phialina"	"Phialina salinarum"
"seq5252"	NA	"Ciliophora"	"Litostomatea"	"Haptorida"	"Lacrymariidae"	"Phialina"	"Phialina salinarum"
"seq5494"	NA	"Ciliophora"	"Litostomatea"	"Haptorida"	"Lacrymariidae"	"Phialina"	"Phialina salinarum"
"seq1870"	NA	"Ciliophora"	"Litostomatea"	"Haptorida"	"Lacrymariidae"	"Phialina"	"Phialina salinarum"
"seq1876"	NA	"Ciliophora"	"Litostomatea"	"Haptorida"	"Lacrymariidae"	"Phialina"	"Phialina salinarum"
"seq4737"	NA	"Ciliophora"	"Litostomatea"	"Haptorida"	"Pseudoholophryidae"	"Paraenchelys"	"Paraenchelys terricola"
"seq4738"	NA	"Ciliophora"	"Litostomatea"	"Haptorida"	"Pseudoholophryidae"	"Paraenchelys"	"Paraenchelys terricola"
"seq10732"	NA	"Ciliophora"	"Litostomatea"	"Haptorida"	"Pseudoholophryidae"	"Paraenchelys"	"Paraenchelys terricola"
"seq11197"	NA	"Ciliophora"	"Litostomatea"	"Haptorida"	"Pseudoholophryidae"	"Paraenchelys"	"Paraenchelys terricola"
"seq1735"	NA	"Ciliophora"	"Litostomatea"	"Haptorida"	"Spathidiidae"	"Apobryophyllum"	"Apobryophyllum schmidingeri"
"seq1921"	NA	"Ciliophora"	"Litostomatea"	"Haptorida"	"Spathidiidae"	"Apobryophyllum"	"Apobryophyllum schmidingeri"
"seq2984"	NA	"Ciliophora"	"Litostomatea"	"Haptorida"	"Spathidiidae"	"Arcuospathidium"	"Arcuospathidium namibiense"
"seq2998"	NA	"Ciliophora"	"Litostomatea"	"Haptorida"	"Spathidiidae"	"Arcuospathidium"	"Arcuospathidium namibiense"
"seq13626"	NA	"Ciliophora"	"Litostomatea"	"Haptorida"	"Spathidiidae"	"Semispathidium"	"Semispathidium sp. VBOEF-2011"
"seq7344"	NA	"Ciliophora"	"Litostomatea"	"Haptorida"	"Spathidiidae"	"Spathidium"	"Spathidium sp. 2 VBOEF-2011"
"seq7983"	NA	"Ciliophora"	"Litostomatea"	"Haptorida"	"Spathidiidae"	"Spathidium"	"Spathidium sp. 2 VBOEF-2011"
"seq12262"	NA	"Ciliophora"	"Litostomatea"	"Haptorida"	"Trachelophyllidae"	"Enchelyodon"	"Enchelyodon sp. 2 VBOEF-2011"
"seq5591"	NA	"Ciliophora"	"Litostomatea"	"Haptorida"	"Trachelophyllidae"	"Enchelyodon"	"Enchelyodon sp. 2 VBOEF-2011"
"seq7690"	NA	"Ciliophora"	"Litostomatea"	"Haptorida"	"Trachelophyllidae"	"Enchelyodon"	"Enchelyodon sp. 2 VBOEF-2011"
"seq3769"	NA	"Ciliophora"	"Litostomatea"	"Pleurostomatida"	"Amphileptidae"	"Amphileptus"	"Amphileptus litonotiformis"
"seq4003"	NA	"Ciliophora"	"Litostomatea"	"Pleurostomatida"	"Amphileptidae"	"Amphileptus"	"Amphileptus litonotiformis"
"seq11589"	NA	"Ciliophora"	"Litostomatea"	"Pleurostomatida"	"Litonotidae"	"Litonotus"	"Litonotus pictus"
"seq13743"	NA	"Ciliophora"	"Litostomatea"	"Pleurostomatida"	"Litonotidae"	"Loxophyllum"	"Loxophyllum shini"
"seq15748"	NA	"Ciliophora"	"Litostomatea"	"Pleurostomatida"	"Litonotidae"	"Loxophyllum"	"Loxophyllum shini"
"seq6901"	NA	"Ciliophora"	"Oligohymenophorea"	"Hymenostomatida"	"Deltopylidae"	"Agolohymena"	"Agolohymena aspidocauda"
"seq7459"	NA	"Ciliophora"	"Oligohymenophorea"	"Hymenostomatida"	"Deltopylidae"	"Agolohymena"	"Agolohymena aspidocauda"
"seq9325"	NA	"Ciliophora"	"Oligohymenophorea"	"Hymenostomatida"	"Deltopylidae"	"Agolohymena"	"Agolohymena aspidocauda"
"seq3816"	NA	"Ciliophora"	"Oligohymenophorea"	"Hymenostomatida"	NA	"Ichthyophthirius"	"Ichthyophthirius multifiliis"
"seq3889"	NA	"Ciliophora"	"Oligohymenophorea"	"Hymenostomatida"	NA	"Ichthyophthirius"	"Ichthyophthirius multifiliis"
"seq2634"	NA	"Ciliophora"	"Oligohymenophorea"	"Hymenostomatida"	"Tetrahymenidae"	"Tetrahymena"	"Tetrahymena australis"
"seq2726"	NA	"Ciliophora"	"Oligohymenophorea"	"Hymenostomatida"	"Tetrahymenidae"	"Tetrahymena"	"Tetrahymena australis"
"seq9457"	NA	"Ciliophora"	"Oligohymenophorea"	"Hymenostomatida"	"Tetrahymenidae"	"Tetrahymena"	"Tetrahymena australis"
"seq9471"	NA	"Ciliophora"	"Oligohymenophorea"	"Hymenostomatida"	"Tetrahymenidae"	"Tetrahymena"	"Tetrahymena australis"
"seq4560"	NA	"Ciliophora"	"Oligohymenophorea"	"Hymenostomatida"	"Tetrahymenidae"	"Tetrahymena"	"Tetrahymena pyriformis"
"seq4915"	NA	"Ciliophora"	"Oligohymenophorea"	"Hymenostomatida"	"Tetrahymenidae"	"Tetrahymena"	"Tetrahymena pyriformis"
"seq3694"	NA	"Ciliophora"	"Oligohymenophorea"	"Hymenostomatida"	"Tetrahymenidae"	"Tetrahymena"	"Tetrahymena rostrata"
"seq3730"	NA	"Ciliophora"	"Oligohymenophorea"	"Hymenostomatida"	"Tetrahymenidae"	"Tetrahymena"	"Tetrahymena rostrata"
"seq4216"	NA	"Ciliophora"	"Oligohymenophorea"	"Hymenostomatida"	"Tetrahymenidae"	"Tetrahymena"	"Tetrahymena sp. Gorphan"
"seq5104"	NA	"Ciliophora"	"Oligohymenophorea"	"Hymenostomatida"	"Tetrahymenidae"	"Tetrahymena"	"Tetrahymena sp. Gorphan"
"seq4381"	NA	"Ciliophora"	"Oligohymenophorea"	"Hymenostomatida"	"Tetrahymenidae"	"Tetrahymena"	"Tetrahymena sp. nsp10"
"seq4663"	NA	"Ciliophora"	"Oligohymenophorea"	"Hymenostomatida"	"Tetrahymenidae"	"Tetrahymena"	"Tetrahymena sp. nsp10"
"seq3773"	NA	"Ciliophora"	"Oligohymenophorea"	"Hymenostomatida"	"Tetrahymenidae"	"Tetrahymena"	"Tetrahymena sp. orphan"
"seq3847"	NA	"Ciliophora"	"Oligohymenophorea"	"Hymenostomatida"	"Tetrahymenidae"	"Tetrahymena"	"Tetrahymena sp. orphan"
"seq3387"	NA	"Ciliophora"	"Oligohymenophorea"	"Hymenostomatida"	"Tetrahymenidae"	"Tetrahymena"	"Tetrahymena sp. orphan"
"seq3404"	NA	"Ciliophora"	"Oligohymenophorea"	"Hymenostomatida"	"Tetrahymenidae"	"Tetrahymena"	"Tetrahymena sp. orphan"
"seq1311"	NA	"Ciliophora"	"Oligohymenophorea"	"Hymenostomatida"	"Turaniellidae"	"Dexiostoma"	"Dexiostoma sabulum"
"seq1375"	NA	"Ciliophora"	"Oligohymenophorea"	"Hymenostomatida"	"Turaniellidae"	"Dexiostoma"	"Dexiostoma sabulum"
"seq4107"	NA	"Ciliophora"	"Oligohymenophorea"	NA	NA	NA	"Scuticociliatia sp. bLPN1"
"seq4446"	NA	"Ciliophora"	"Oligohymenophorea"	NA	NA	NA	"Scuticociliatia sp. bLPN1"
"seq2168"	NA	"Ciliophora"	"Oligohymenophorea"	"Peniculida"	"Frontoniidae"	"Frontonia"	"Frontonia tchibisovae"
"seq2406"	NA	"Ciliophora"	"Oligohymenophorea"	"Peniculida"	"Frontoniidae"	"Frontonia"	"Frontonia tchibisovae"
"seq2360"	NA	"Ciliophora"	"Oligohymenophorea"	"Sessilida"	"Epistylidae"	"Epistylis"	"Epistylis hentscheli"
"seq2510"	NA	"Ciliophora"	"Oligohymenophorea"	"Sessilida"	"Epistylidae"	"Epistylis"	"Epistylis hentscheli"
"seq6563"	NA	"Ciliophora"	"Oligohymenophorea"	"Sessilida"	"Epistylidae"	"Epistylis"	"Epistylis hentscheli"
"seq6700"	NA	"Ciliophora"	"Oligohymenophorea"	"Sessilida"	"Epistylidae"	"Epistylis"	"Epistylis hentscheli"
"seq10002"	NA	"Ciliophora"	"Oligohymenophorea"	"Sessilida"	"Epistylidae"	"Epistylis"	"Epistylis sp. MD-2012"
"seq14081"	NA	"Ciliophora"	"Oligohymenophorea"	"Sessilida"	"Epistylidae"	"Epistylis"	"Epistylis sp. MD-2012"
"seq10085"	NA	"Ciliophora"	"Oligohymenophorea"	"Sessilida"	"Operculariidae"	"Opercularia"	"Opercularia sp. 102"
"seq11361"	NA	"Ciliophora"	"Oligohymenophorea"	"Sessilida"	"Operculariidae"	"Opercularia"	"Opercularia sp. 102"
"seq9526"	NA	"Ciliophora"	"Oligohymenophorea"	"Sessilida"	"Vaginicolidae"	"Cothurnia"	"Cothurnia annulata"
"seq4537"	NA	"Ciliophora"	"Oligohymenophorea"	"Sessilida"	"Vorticellidae"	"Carchesium"	"Carchesium polypinum"
"seq5297"	NA	"Ciliophora"	"Oligohymenophorea"	"Sessilida"	"Vorticellidae"	"Carchesium"	"Carchesium polypinum"
"seq3316"	NA	"Ciliophora"	"Oligohymenophorea"	"Sessilida"	"Vorticellidae"	"Epicarchesium"	"Epicarchesium pectinatum"
"seq3321"	NA	"Ciliophora"	"Oligohymenophorea"	"Sessilida"	"Vorticellidae"	"Epicarchesium"	"Epicarchesium pectinatum"
"seq3143"	NA	"Ciliophora"	"Oligohymenophorea"	"Sessilida"	"Vorticellidae"	"Pseudovorticella"	"Pseudovorticella cf. vestita pop.2"
"seq3152"	NA	"Ciliophora"	"Oligohymenophorea"	"Sessilida"	"Vorticellidae"	"Pseudovorticella"	"Pseudovorticella cf. vestita pop.2"
"seq3555"	NA	"Ciliophora"	"Oligohymenophorea"	"Sessilida"	"Vorticellidae"	"Pseudovorticella"	"Pseudovorticella sp. AU"
"seq3740"	NA	"Ciliophora"	"Oligohymenophorea"	"Sessilida"	"Vorticellidae"	"Pseudovorticella"	"Pseudovorticella sp. AU"
"seq6902"	NA	"Ciliophora"	"Oligohymenophorea"	"Sessilida"	"Vorticellidae"	"Vorticella"	"Vorticella aequilata"
"seq8129"	NA	"Ciliophora"	"Oligohymenophorea"	"Sessilida"	"Vorticellidae"	"Vorticella"	"Vorticella aequilata"
"seq3384"	NA	"Ciliophora"	"Oligohymenophorea"	"Sessilida"	"Vorticellidae"	"Vorticella"	"Vorticella campanula"
"seq3535"	NA	"Ciliophora"	"Oligohymenophorea"	"Sessilida"	"Vorticellidae"	"Vorticella"	"Vorticella campanula"
"seq2646"	NA	"Ciliophora"	"Oligohymenophorea"	"Sessilida"	"Vorticellidae"	"Vorticella"	"Vorticella campanula"
"seq2698"	NA	"Ciliophora"	"Oligohymenophorea"	"Sessilida"	"Vorticellidae"	"Vorticella"	"Vorticella campanula"
"seq4721"	NA	"Ciliophora"	"Oligohymenophorea"	"Sessilida"	"Vorticellidae"	"Vorticella"	"Vorticella campanula"
"seq5041"	NA	"Ciliophora"	"Oligohymenophorea"	"Sessilida"	"Vorticellidae"	"Vorticella"	"Vorticella campanula"
"seq4490"	NA	"Ciliophora"	"Oligohymenophorea"	"Sessilida"	"Vorticellidae"	"Vorticella"	"Vorticella fusca"
"seq4686"	NA	"Ciliophora"	"Oligohymenophorea"	"Sessilida"	"Vorticellidae"	"Vorticella"	"Vorticella fusca"
"seq5296"	NA	"Ciliophora"	"Oligohymenophorea"	"Sessilida"	"Vorticellidae"	"Vorticella"	"Vorticella sp. 1 PPS-2011"
"seq5687"	NA	"Ciliophora"	"Oligohymenophorea"	"Sessilida"	"Vorticellidae"	"Vorticella"	"Vorticella sp. 1 PPS-2011"
"seq12093"	NA	"Ciliophora"	"Oligohymenophorea"	"Sessilida"	"Vorticellidae"	"Vorticella"	"Vorticella sphaeroidalis"
"seq13625"	NA	"Ciliophora"	"Oligohymenophorea"	"Sessilida"	"Vorticellidae"	"Vorticella"	"Vorticella sphaeroidalis"
"seq13623"	NA	"Ciliophora"	"Oligohymenophorea"	"Sessilida"	"Zoothamniidae"	"Myoschiston"	"Myoschiston duplicatum"
"seq14430"	NA	"Ciliophora"	"Oligohymenophorea"	"Sessilida"	"Zoothamniidae"	"Myoschiston"	"Myoschiston duplicatum"
"seq6019"	NA	"Ciliophora"	"Oligohymenophorea"	"Sessilida"	"Zoothamniidae"	"Zoothamnium"	"Zoothamnium alternans"
"seq6732"	NA	"Ciliophora"	"Oligohymenophorea"	"Sessilida"	"Zoothamniidae"	"Zoothamnium"	"Zoothamnium alternans"
"seq3870"	NA	"Ciliophora"	"Prostomatea"	"Prorodontida"	"Plagiocampidae"	"Plagiocampa"	"Plagiocampa sp."
"seq3962"	NA	"Ciliophora"	"Prostomatea"	"Prorodontida"	"Plagiocampidae"	"Plagiocampa"	"Plagiocampa sp."
"seq1119"	NA	"Ciliophora"	"Spirotrichea"	"Euplotida"	"Aspidiscidae"	"Aspidisca"	"Aspidisca lynceus"
"seq1190"	NA	"Ciliophora"	"Spirotrichea"	"Euplotida"	"Aspidiscidae"	"Aspidisca"	"Aspidisca lynceus"
"seq5733"	NA	"Ciliophora"	"Spirotrichea"	"Euplotida"	"Aspidiscidae"	"Aspidisca"	"Aspidisca lynceus"
"seq6551"	NA	"Ciliophora"	"Spirotrichea"	"Euplotida"	"Aspidiscidae"	"Aspidisca"	"Aspidisca lynceus"
"seq5143"	NA	"Ciliophora"	"Spirotrichea"	NA	NA	NA	"Choreotrichia sp. bAcq3"
"seq5777"	NA	"Ciliophora"	"Spirotrichea"	NA	NA	NA	"Choreotrichia sp. bAcq3"
"seq4214"	NA	"Ciliophora"	"Spirotrichea"	NA	NA	NA	"Choreotrichia sp. bAcq3"
"seq4360"	NA	"Ciliophora"	"Spirotrichea"	NA	NA	NA	"Choreotrichia sp. bAcq3"
"seq14996"	NA	"Ciliophora"	"Spirotrichea"	NA	NA	NA	"Choreotrichia sp. bAcq3"
"seq7347"	NA	"Ciliophora"	"Spirotrichea"	NA	NA	NA	"Stichotrichia sp. 3 bAcq1"
"seq7460"	NA	"Ciliophora"	"Spirotrichea"	NA	NA	NA	"Stichotrichia sp. 3 bAcq1"
"seq6989"	NA	"Ciliophora"	"Spirotrichea"	"Sporadotrichida"	"Oxytrichidae"	"Quadristicha"	"Quadristicha setigera"
"seq9520"	NA	"Ciliophora"	"Spirotrichea"	"Sporadotrichida"	"Oxytrichidae"	"Quadristicha"	"Quadristicha setigera"
"seq7830"	NA	"Ciliophora"	"Spirotrichea"	"Sporadotrichida"	"Oxytrichidae"	"Quadristicha"	"Quadristicha setigera"
"seq8222"	NA	"Ciliophora"	"Spirotrichea"	"Sporadotrichida"	"Oxytrichidae"	"Quadristicha"	"Quadristicha setigera"
"seq6978"	NA	"Ciliophora"	"Spirotrichea"	"Sporadotrichida"	"Oxytrichidae"	"Rubrioxytricha"	"Rubrioxytricha tsinlingensis"
"seq9199"	NA	"Ciliophora"	"Spirotrichea"	"Sporadotrichida"	"Oxytrichidae"	"Rubrioxytricha"	"Rubrioxytricha tsinlingensis"
"seq14647"	NA	"Ciliophora"	"Spirotrichea"	"Urostylida"	"Holostichidae"	"Holosticha"	"Holosticha diademata"
"seq3310"	NA	"Ciliophora"	"Spirotrichea"	"Urostylida"	"Holostichidae"	"Holosticha"	"Holosticha multistylata"
"seq3607"	NA	"Ciliophora"	"Spirotrichea"	"Urostylida"	"Holostichidae"	"Holosticha"	"Holosticha multistylata"
"seq1019"	NA	"Ciliophora"	"Spirotrichea"	"Urostylida"	"Holostichidae"	"Holosticha"	"Holosticha multistylata"
"seq1040"	NA	"Ciliophora"	"Spirotrichea"	"Urostylida"	"Holostichidae"	"Holosticha"	"Holosticha multistylata"
"seq3628"	NA	"Ciliophora"	"Spirotrichea"	"Urostylida"	"Urostylidae"	"Uroleptus"	"Uroleptus gallina"
"seq3766"	NA	"Ciliophora"	"Spirotrichea"	"Urostylida"	"Urostylidae"	"Uroleptus"	"Uroleptus gallina"
"seq14197"	NA	"Discosea"	"Flabellinia"	"Dactylopodida"	"Paramoebidae"	"Korotnevella"	"Korotnevella heteracantha"
"seq14307"	NA	"Discosea"	"Flabellinia"	"Dactylopodida"	"Paramoebidae"	"Korotnevella"	"Korotnevella heteracantha"
"seq8969"	NA	"Discosea"	"Flabellinia"	NA	"Vannellidae"	"Vannella"	"Vannella croatica"
"seq9458"	NA	"Discosea"	"Flabellinia"	NA	"Vannellidae"	"Vannella"	"Vannella croatica"
"seq14883"	NA	"Discosea"	"Flabellinia"	NA	"Vannellidae"	"Vannella"	"Vannella croatica"
"seq7831"	NA	"Endomyxa"	NA	"Vampyrellida"	"Leptophryidae"	"Leptophrys"	"Leptophrys sp. 1 LAK-2013"
"seq8496"	NA	"Endomyxa"	NA	"Vampyrellida"	"Leptophryidae"	"Leptophrys"	"Leptophrys sp. 1 LAK-2013"
"seq2133"	NA	"Endomyxa"	NA	"Vampyrellida"	"Vampyrellidae"	"Vampyrella"	"Vampyrella pendula"
"seq2317"	NA	"Endomyxa"	NA	"Vampyrellida"	"Vampyrellidae"	"Vampyrella"	"Vampyrella pendula"
"seq4916"	NA	"Endomyxa"	NA	"Vampyrellida"	"Vampyrellidae"	"Vampyrella"	"Vampyrella pendula"
"seq5300"	NA	"Endomyxa"	NA	"Vampyrellida"	"Vampyrellidae"	"Vampyrella"	"Vampyrella pendula"
"seq6042"	NA	NA	"Aphelidea"	NA	"Aphelidiaceae"	"Aphelidium"	"Aphelidium desmodesmi"
"seq7389"	NA	NA	"Aphelidea"	NA	"Aphelidiaceae"	"Aphelidium"	"Aphelidium desmodesmi"
"seq10976"	NA	NA	"Aphelidea"	NA	"Aphelidiaceae"	"Aphelidium"	"Aphelidium desmodesmi"
"seq11557"	NA	NA	"Aphelidea"	NA	"Aphelidiaceae"	"Aphelidium"	"Aphelidium desmodesmi"
"seq3681"	NA	NA	"Aphelidea"	NA	NA	"Amoeboaphelidium"	"Amoeboaphelidium occidentale"
"seq3741"	NA	NA	"Aphelidea"	NA	NA	"Amoeboaphelidium"	"Amoeboaphelidium occidentale"
"seq8495"	NA	NA	"Aphelidea"	NA	NA	"Amoeboaphelidium"	"Amoeboaphelidium occidentale"
"seq10059"	NA	NA	"Aphelidea"	NA	NA	"Amoeboaphelidium"	"Amoeboaphelidium occidentale"
"seq9656"	NA	NA	"Bigyra"	"Bicosoecida"	NA	"Nanos"	"Nanos amicus"
"seq7335"	NA	NA	"Bigyra"	"Bicosoecida"	"Siluaniidae"	"Adriamonas"	"Adriamonas peritocrescens"
"seq8284"	NA	NA	"Bigyra"	"Bicosoecida"	"Siluaniidae"	"Adriamonas"	"Adriamonas peritocrescens"
"seq6930"	NA	NA	"Bigyra"	"Bicosoecida"	"Siluaniidae"	"Paramonas"	"Paramonas globosa"
"seq7188"	NA	NA	"Bigyra"	"Bicosoecida"	"Siluaniidae"	"Paramonas"	"Paramonas globosa"
"seq3565"	NA	NA	"Bigyra"	"Bicosoecida"	"Siluaniidae"	"Paramonas"	"Paramonas globosa"
"seq3938"	NA	NA	"Bigyra"	"Bicosoecida"	"Siluaniidae"	"Paramonas"	"Paramonas globosa"
"seq3147"	NA	NA	"Bigyra"	"Opalinata"	"Blastocystidae"	"Blastocystis"	"Blastocystis sp."
"seq3272"	NA	NA	"Bigyra"	"Opalinata"	"Blastocystidae"	"Blastocystis"	"Blastocystis sp."
"seq2610"	NA	NA	"Choanoflagellata"	"Acanthoecida"	"Acanthoecidae"	"Pleurasiga"	"Pleurasiga minima"
"seq2739"	NA	NA	"Choanoflagellata"	"Acanthoecida"	"Acanthoecidae"	"Pleurasiga"	"Pleurasiga minima"
"seq2554"	NA	NA	"Choanoflagellata"	"Acanthoecida"	"Stephanoecidae"	"Calliacantha"	"Calliacantha longicaudata"
"seq2599"	NA	NA	"Choanoflagellata"	"Acanthoecida"	"Stephanoecidae"	"Calliacantha"	"Calliacantha longicaudata"
"seq4169"	NA	NA	"Choanoflagellata"	"Acanthoecida"	"Stephanoecidae"	"Didymoeca"	"Didymoeca elongata"
"seq4443"	NA	NA	"Choanoflagellata"	"Acanthoecida"	"Stephanoecidae"	"Didymoeca"	"Didymoeca elongata"
"seq1387"	NA	NA	"Choanoflagellata"	"Craspedida"	"Salpingoecidae"	"Sphaeroeca"	"Sphaeroeca leprechaunica"
"seq1411"	NA	NA	"Choanoflagellata"	"Craspedida"	"Salpingoecidae"	"Sphaeroeca"	"Sphaeroeca leprechaunica"
"seq5415"	NA	NA	"Choanoflagellata"	"Craspedida"	"Salpingoecidae"	"Sphaeroeca"	"Sphaeroeca leprechaunica"
"seq5645"	NA	NA	"Choanoflagellata"	"Craspedida"	"Salpingoecidae"	"Sphaeroeca"	"Sphaeroeca leprechaunica"
"seq5848"	NA	NA	"Choanoflagellata"	"Craspedida"	"Salpingoecidae"	"Sphaeroeca"	"Sphaeroeca leprechaunica"
"seq6407"	NA	NA	"Choanoflagellata"	"Craspedida"	"Salpingoecidae"	"Sphaeroeca"	"Sphaeroeca leprechaunica"
"seq6603"	NA	NA	"Choanoflagellata"	"Craspedida"	"Salpingoecidae"	"Sphaeroeca"	"Sphaeroeca leprechaunica"
"seq1971"	NA	NA	"Choanoflagellata"	NA	NA	NA	"Choanoflagellida sp. SL117#1"
"seq2113"	NA	NA	"Choanoflagellata"	NA	NA	NA	"Choanoflagellida sp. SL117#1"
"seq8527"	NA	NA	"Choanoflagellata"	NA	NA	NA	"Choanoflagellida sp. SL117#1"
"seq11040"	NA	NA	"Choanoflagellata"	NA	NA	NA	"Choanoflagellida sp. SL117#1"
"seq3902"	NA	NA	"Chrysophyceae"	"Chromulinales"	"Chromulinaceae"	NA	"Spumella-like flagellate JBAS38"
"seq3976"	NA	NA	"Chrysophyceae"	"Chromulinales"	"Chromulinaceae"	NA	"Spumella-like flagellate JBAS38"
"seq3834"	NA	NA	"Chrysophyceae"	"Chromulinales"	"Chromulinaceae"	NA	"Spumella-like flagellate JBC20"
"seq4286"	NA	NA	"Chrysophyceae"	"Chromulinales"	"Chromulinaceae"	NA	"Spumella-like flagellate JBC20"
"seq5169"	NA	NA	"Chrysophyceae"	"Chromulinales"	"Chromulinaceae"	"Spumella"	"Spumella sp."
"seq5646"	NA	NA	"Chrysophyceae"	"Chromulinales"	"Chromulinaceae"	"Spumella"	"Spumella sp."
"seq3571"	NA	NA	"Chrysophyceae"	"Chromulinales"	"Chromulinaceae"	"Urostipulosphaera"	"Urostipulosphaera sp."
"seq3755"	NA	NA	"Chrysophyceae"	"Chromulinales"	"Chromulinaceae"	"Urostipulosphaera"	"Urostipulosphaera sp."
"seq5072"	NA	NA	"Chrysophyceae"	"Chromulinales"	"Dinobryaceae"	"Dinobryon"	"Dinobryon pediforme"
"seq11875"	NA	NA	"Chrysophyceae"	"Chromulinales"	"Dinobryaceae"	"Dinobryon"	"Dinobryon pediforme"
"seq14080"	NA	NA	"Chrysophyceae"	"Chromulinales"	"Paraphysomonadaceae"	"Paraphysomonas"	"Paraphysomonas butcheri"
"seq15860"	NA	NA	"Chrysophyceae"	"Chromulinales"	"Paraphysomonadaceae"	"Paraphysomonas"	"Paraphysomonas butcheri"
"seq3198"	NA	NA	"Chrysophyceae"	"Chromulinales"	"Paraphysomonadaceae"	"Paraphysomonas"	"Paraphysomonas cambrispina"
"seq3339"	NA	NA	"Chrysophyceae"	"Chromulinales"	"Paraphysomonadaceae"	"Paraphysomonas"	"Paraphysomonas cambrispina"
"seq348"	NA	NA	"Chrysophyceae"	"Chromulinales"	"Paraphysomonadaceae"	"Paraphysomonas"	"Paraphysomonas imperforata"
"seq379"	NA	NA	"Chrysophyceae"	"Chromulinales"	"Paraphysomonadaceae"	"Paraphysomonas"	"Paraphysomonas imperforata"
"seq806"	NA	NA	"Chrysophyceae"	"Chromulinales"	"Paraphysomonadaceae"	"Paraphysomonas"	"Paraphysomonas sp. 14 JMS-2012"
"seq840"	NA	NA	"Chrysophyceae"	"Chromulinales"	"Paraphysomonadaceae"	"Paraphysomonas"	"Paraphysomonas sp. 14 JMS-2012"
"seq4639"	NA	NA	"Chrysophyceae"	"Chromulinales"	"Paraphysomonadaceae"	"Paraphysomonas"	"Paraphysomonas sp. BZ5b"
"seq4798"	NA	NA	"Chrysophyceae"	"Chromulinales"	"Paraphysomonadaceae"	"Paraphysomonas"	"Paraphysomonas sp. BZ5b"
"seq7005"	NA	NA	"Chrysophyceae"	"Chromulinales"	"Paraphysomonadaceae"	"Paraphysomonas"	"Paraphysomonas uniformis"
"seq7284"	NA	NA	"Chrysophyceae"	"Chromulinales"	"Paraphysomonadaceae"	"Paraphysomonas"	"Paraphysomonas uniformis"
"seq2274"	NA	NA	"Chrysophyceae"	"Chromulinales"	"Paraphysomonadaceae"	"Paraphysomonas"	"Paraphysomonas uniformis"
"seq2669"	NA	NA	"Chrysophyceae"	"Chromulinales"	"Paraphysomonadaceae"	"Paraphysomonas"	"Paraphysomonas uniformis"
"seq5984"	NA	NA	"Chrysophyceae"	"Chromulinales"	"Paraphysomonadaceae"	"Paraphysomonas"	"Paraphysomonas uniformis"
"seq6353"	NA	NA	"Chrysophyceae"	"Chromulinales"	"Paraphysomonadaceae"	"Paraphysomonas"	"Paraphysomonas uniformis"
"seq13521"	NA	NA	"Chrysophyceae"	"Hydrurales"	"Hydruraceae"	"Hydrurus"	"Hydrurus foetidus"
"seq13624"	NA	NA	"Chrysophyceae"	"Hydrurales"	"Hydruraceae"	"Hydrurus"	"Hydrurus foetidus"
"seq3465"	NA	NA	"Chrysophyceae"	NA	NA	NA	"Spumella-like flagellate JBAF33"
"seq3918"	NA	NA	"Chrysophyceae"	NA	NA	NA	"Spumella-like flagellate JBAF33"
"seq2876"	NA	NA	"Chrysophyceae"	NA	NA	NA	"Spumella-like flagellate JBAF33"
"seq3194"	NA	NA	"Chrysophyceae"	NA	NA	NA	"Spumella-like flagellate JBAF33"
"seq3263"	NA	NA	"Chrysophyceae"	NA	NA	NA	"Spumella-like flagellate JBAF33"
"seq3623"	NA	NA	"Chrysophyceae"	NA	NA	NA	"Spumella-like flagellate JBAF33"
"seq5564"	NA	NA	"Chrysophyceae"	NA	NA	NA	"Spumella-like flagellate JBAF33"
"seq6556"	NA	NA	"Chrysophyceae"	NA	NA	NA	"Spumella-like flagellate JBAF33"
"seq11102"	NA	NA	"Chrysophyceae"	NA	NA	NA	"Spumella-like flagellate JBM08"
"seq6985"	NA	NA	"Chrysophyceae"	NA	NA	NA	"Spumella-like flagellate JBM08"
"seq7071"	NA	NA	"Chrysophyceae"	NA	NA	NA	"Spumella-like flagellate JBM08"
"seq3957"	NA	NA	"Cryptophyceae"	"Cryptomonadales"	"Cryptomonadaceae"	"Cryptomonas"	"Cryptomonas curvata"
"seq4061"	NA	NA	"Cryptophyceae"	"Cryptomonadales"	"Cryptomonadaceae"	"Cryptomonas"	"Cryptomonas curvata"
"seq6819"	NA	NA	"Cryptophyceae"	"Cryptomonadales"	"Cryptomonadaceae"	"Cryptomonas"	"Cryptomonas curvata"
"seq7828"	NA	NA	"Cryptophyceae"	"Cryptomonadales"	"Cryptomonadaceae"	"Cryptomonas"	"Cryptomonas curvata"
"seq8057"	NA	NA	"Cryptophyceae"	"Cryptomonadales"	"Cryptomonadaceae"	"Cryptomonas"	"Cryptomonas marssonii"
"seq9456"	NA	NA	"Cryptophyceae"	"Cryptomonadales"	"Cryptomonadaceae"	"Cryptomonas"	"Cryptomonas marssonii"
"seq4090"	NA	NA	"Cryptophyceae"	"Cryptomonadales"	"Cryptomonadaceae"	"Cryptomonas"	"Cryptomonas ozolini"
"seq4507"	NA	NA	"Cryptophyceae"	"Cryptomonadales"	"Cryptomonadaceae"	"Cryptomonas"	"Cryptomonas ozolini"
"seq4593"	NA	NA	"Cryptophyceae"	"Cryptomonadales"	"Cryptomonadaceae"	"Cryptomonas"	"Cryptomonas paramecium"
"seq4637"	NA	NA	"Cryptophyceae"	"Cryptomonadales"	"Cryptomonadaceae"	"Cryptomonas"	"Cryptomonas paramecium"
"seq9521"	NA	NA	"Cryptophyceae"	"Cryptomonadales"	"Cryptomonadaceae"	"Cryptomonas"	"Cryptomonas pyrenoidifera"
"seq10975"	NA	NA	"Cryptophyceae"	"Cryptomonadales"	"Cryptomonadaceae"	"Cryptomonas"	"Cryptomonas pyrenoidifera"
"seq13394"	NA	NA	"Cryptophyceae"	"Cryptomonadales"	"Cryptomonadaceae"	"Cryptomonas"	"Cryptomonas sp. M2290"
"seq7061"	NA	NA	"Cryptophyceae"	"Cryptomonadales"	"Cryptomonadaceae"	"Cryptomonas"	"Cryptomonas sp. NIES-3916"
"seq7253"	NA	NA	"Cryptophyceae"	"Cryptomonadales"	"Cryptomonadaceae"	"Cryptomonas"	"Cryptomonas sp. NIES-3916"
"seq24"	NA	NA	"Cryptophyceae"	"Pyrenomonadales"	"Geminigeraceae"	"Geminigera"	"Geminigera cryophila"
"seq25"	NA	NA	"Cryptophyceae"	"Pyrenomonadales"	"Geminigeraceae"	"Geminigera"	"Geminigera cryophila"
"seq15"	NA	NA	"Cryptophyceae"	"Pyrenomonadales"	"Pyrenomonadaceae"	"Rhodomonas"	"Rhodomonas sp. CCMP2045"
"seq3483"	NA	NA	"Dinophyceae"	"Peridiniales"	"Heterocapsaceae"	"Heterocapsa"	"Heterocapsa rotundata"
"seq3500"	NA	NA	"Dinophyceae"	"Peridiniales"	"Heterocapsaceae"	"Heterocapsa"	"Heterocapsa rotundata"
"seq105"	NA	NA	"Dinophyceae"	"Suessiales"	"Suessiaceae"	"Pelagodinium"	"Pelagodinium sp. JD-2012"
"seq129"	NA	NA	"Dinophyceae"	"Suessiales"	"Suessiaceae"	"Pelagodinium"	"Pelagodinium sp. JD-2012"
"seq221"	NA	NA	"Dinophyceae"	"Suessiales"	"Symbiodiniaceae"	"Symbiodinium"	"Symbiodinium sp."
"seq232"	NA	NA	"Dinophyceae"	"Suessiales"	"Symbiodiniaceae"	"Symbiodinium"	"Symbiodinium sp."
"seq5038"	NA	NA	"Eustigmatophyceae"	NA	NA	NA	"Eustigmatophyceae sp."
"seq6296"	NA	NA	"Eustigmatophyceae"	NA	NA	NA	"Eustigmatophyceae sp."
"seq8120"	NA	NA	"Filasterea"	NA	NA	"Capsaspora"	"Capsaspora owczarzaki"
"seq9425"	NA	NA	"Filasterea"	NA	NA	"Capsaspora"	"Capsaspora owczarzaki"
"seq2476"	NA	NA	NA	"Apusomonadida"	"Apusomonadidae"	"Amastigomonas"	"Amastigomonas sp. IVY8c"
"seq2482"	NA	NA	NA	"Apusomonadida"	"Apusomonadidae"	"Amastigomonas"	"Amastigomonas sp. IVY8c"
"seq4110"	NA	NA	NA	NA	NA	NA	NA
"seq4205"	NA	NA	NA	NA	NA	NA	NA
"seq5299"	NA	NA	NA	NA	NA	NA	"Rana sphenocephala pathogen MJY-2007"
"seq6302"	NA	NA	NA	NA	NA	NA	"Rana sphenocephala pathogen MJY-2007"
"seq2393"	NA	NA	NA	NA	NA	"Syssomonas"	"Syssomonas multiformis"
"seq2676"	NA	NA	NA	NA	NA	"Syssomonas"	"Syssomonas multiformis"
"seq246"	NA	NA	NA	"Pirsoniales"	NA	"Pirsonia"	"Pirsonia guinardiae"
"seq1738"	NA	NA	"Synurophyceae"	"Synurales"	"Mallomonadaceae"	"Mallomonas"	"Mallomonas akrokomos"
"seq1740"	NA	NA	"Synurophyceae"	"Synurales"	"Mallomonadaceae"	"Mallomonas"	"Mallomonas akrokomos"
"seq4778"	NA	NA	"Synurophyceae"	"Synurales"	"Mallomonadaceae"	"Mallomonas"	"Mallomonas akrokomos"
"seq5007"	NA	NA	"Synurophyceae"	"Synurales"	"Mallomonadaceae"	"Mallomonas"	"Mallomonas akrokomos"
"seq6031"	NA	"Oomycota"	NA	"Lagenidiales"	"Lagenidiaceae"	"Lagenidium"	"Lagenidium giganteum"
"seq6479"	NA	"Oomycota"	NA	"Lagenidiales"	"Lagenidiaceae"	"Lagenidium"	"Lagenidium giganteum"
"seq2959"	NA	"Oomycota"	NA	"Peronosporales"	"Peronosporaceae"	"Phytophthora"	"Phytophthora capsici"
"seq3085"	NA	"Oomycota"	NA	"Peronosporales"	"Peronosporaceae"	"Phytophthora"	"Phytophthora capsici"
"seq4953"	NA	"Oomycota"	NA	"Pythiales"	"Pythiaceae"	"Pythium"	"Pythium hydnosporum"
"seq5584"	NA	"Oomycota"	NA	"Pythiales"	"Pythiaceae"	"Pythium"	"Pythium hydnosporum"
"seq611"	NA	"Oomycota"	NA	"Pythiales"	"Pythiaceae"	"Pythium"	"Pythium insidiosum"
"seq622"	NA	"Oomycota"	NA	"Pythiales"	"Pythiaceae"	"Pythium"	"Pythium insidiosum"
"seq1863"	NA	"Oomycota"	NA	"Pythiales"	"Pythiaceae"	"Pythium"	"Pythium porphyrae"
"seq1877"	NA	"Oomycota"	NA	"Pythiales"	"Pythiaceae"	"Pythium"	"Pythium porphyrae"
"seq14195"	NA	"Oomycota"	NA	"Saprolegniales"	"Saprolegniaceae"	"Aphanomyces"	"Aphanomyces astaci"
"seq3882"	NA	"Oomycota"	NA	"Saprolegniales"	"Saprolegniaceae"	"Aphanomyces"	"Aphanomyces astaci"
"seq3967"	NA	"Oomycota"	NA	"Saprolegniales"	"Saprolegniaceae"	"Aphanomyces"	"Aphanomyces astaci"
"seq10897"	NA	"Oomycota"	NA	"Saprolegniales"	"Saprolegniaceae"	"Saprolegnia"	"Saprolegnia sp."
"seq13303"	NA	"Oomycota"	NA	"Saprolegniales"	"Saprolegniaceae"	"Saprolegnia"	"Saprolegnia sp."
"seq5611"	NA	"Tubulinea"	"Echinamoebida"	NA	NA	"Vermamoeba"	"Vermamoeba vermiformis"
"seq5734"	NA	"Tubulinea"	"Echinamoebida"	NA	NA	"Vermamoeba"	"Vermamoeba vermiformis"
"seq4322"	NA	"Tubulinea"	"Elardia"	"Euamoebida"	"Hartmannellidae"	"Ptolemeba"	"Ptolemeba bulliensis"
"seq4701"	NA	"Tubulinea"	"Elardia"	"Euamoebida"	"Hartmannellidae"	"Ptolemeba"	"Ptolemeba bulliensis"
"seq8"	"Viridiplantae"	"Chlorophyta"	"Mamiellophyceae"	"Mamiellales"	"Bathycoccaceae"	"Ostreococcus"	"Ostreococcus tauri"
"seq33"	"Viridiplantae"	"Chlorophyta"	"Mamiellophyceae"	"Mamiellales"	"Mamiellaceae"	"Micromonas"	"Micromonas pusilla"
"seq1081"	"Viridiplantae"	"Streptophyta"	"Magnoliopsida"	"Poales"	"Poaceae"	"Hordeum"	"Hordeum vulgare"
"seq1104"	"Viridiplantae"	"Streptophyta"	"Magnoliopsida"	"Poales"	"Poaceae"	"Hordeum"	"Hordeum vulgare"
"seq3986"	"Viridiplantae"	"Streptophyta"	"Magnoliopsida"	"Poales"	"Poaceae"	"Zea"	"Zea mays"
"seq4029"	"Viridiplantae"	"Streptophyta"	"Magnoliopsida"	"Poales"	"Poaceae"	"Zea"	"Zea mays"
"seq2784"	"Viridiplantae"	"Streptophyta"	"Magnoliopsida"	"Rosales"	"Urticaceae"	"Urera"	"Urera glabra"
"seq2923"	"Viridiplantae"	"Streptophyta"	"Magnoliopsida"	"Rosales"	"Urticaceae"	"Urera"	"Urera glabra"
"seq1784"	"Viridiplantae"	"Streptophyta"	"Magnoliopsida"	"Solanales"	"Solanaceae"	"Capsicum"	"Capsicum frutescens"
"seq2154"	"Viridiplantae"	"Streptophyta"	"Magnoliopsida"	"Solanales"	"Solanaceae"	"Capsicum"	"Capsicum frutescens"
"seq10"	"Viridiplantae"	"Streptophyta"	"Magnoliopsida"	"Solanales"	"Solanaceae"	"Solanum"	"Solanum lycopersicum"
"seq7"	"Viridiplantae"	"Streptophyta"	"Magnoliopsida"	"Solanales"	"Solanaceae"	"Solanum"	"Solanum lycopersicum"
"seq1714"	"Viridiplantae"	"Streptophyta"	"Magnoliopsida"	"Solanales"	"Solanaceae"	"Solanum"	"Solanum lycopersicum"
"seq1723"	"Viridiplantae"	"Streptophyta"	"Magnoliopsida"	"Solanales"	"Solanaceae"	"Solanum"	"Solanum lycopersicum"
"seq1787"	"Viridiplantae"	"Streptophyta"	"Magnoliopsida"	"Solanales"	"Solanaceae"	"Solanum"	"Solanum lycopersicum"
"seq1796"	"Viridiplantae"	"Streptophyta"	"Magnoliopsida"	"Solanales"	"Solanaceae"	"Solanum"	"Solanum lycopersicum"
"seq1829"	"Viridiplantae"	"Streptophyta"	"Magnoliopsida"	"Solanales"	"Solanaceae"	"Solanum"	"Solanum lycopersicum"
"seq1856"	"Viridiplantae"	"Streptophyta"	"Magnoliopsida"	"Solanales"	"Solanaceae"	"Solanum"	"Solanum lycopersicum"
"seq2015"	"Viridiplantae"	"Streptophyta"	"Magnoliopsida"	"Solanales"	"Solanaceae"	"Solanum"	"Solanum lycopersicum"
"seq2177"	"Viridiplantae"	"Streptophyta"	"Magnoliopsida"	"Solanales"	"Solanaceae"	"Solanum"	"Solanum lycopersicum"
"seq2230"	"Viridiplantae"	"Streptophyta"	"Magnoliopsida"	"Solanales"	"Solanaceae"	"Solanum"	"Solanum lycopersicum"
"seq2287"	"Viridiplantae"	"Streptophyta"	"Magnoliopsida"	"Solanales"	"Solanaceae"	"Solanum"	"Solanum lycopersicum"
"seq2297"	"Viridiplantae"	"Streptophyta"	"Magnoliopsida"	"Solanales"	"Solanaceae"	"Solanum"	"Solanum lycopersicum"
"seq2307"	"Viridiplantae"	"Streptophyta"	"Magnoliopsida"	"Solanales"	"Solanaceae"	"Solanum"	"Solanum lycopersicum"
"seq2327"	"Viridiplantae"	"Streptophyta"	"Magnoliopsida"	"Solanales"	"Solanaceae"	"Solanum"	"Solanum lycopersicum"
"seq2328"	"Viridiplantae"	"Streptophyta"	"Magnoliopsida"	"Solanales"	"Solanaceae"	"Solanum"	"Solanum lycopersicum"
"seq2385"	"Viridiplantae"	"Streptophyta"	"Magnoliopsida"	"Solanales"	"Solanaceae"	"Solanum"	"Solanum lycopersicum"
"seq2464"	"Viridiplantae"	"Streptophyta"	"Magnoliopsida"	"Solanales"	"Solanaceae"	"Solanum"	"Solanum lycopersicum"
"seq2582"	"Viridiplantae"	"Streptophyta"	"Magnoliopsida"	"Solanales"	"Solanaceae"	"Solanum"	"Solanum lycopersicum"
"seq2583"	"Viridiplantae"	"Streptophyta"	"Magnoliopsida"	"Solanales"	"Solanaceae"	"Solanum"	"Solanum lycopersicum"
"seq2640"	"Viridiplantae"	"Streptophyta"	"Magnoliopsida"	"Solanales"	"Solanaceae"	"Solanum"	"Solanum lycopersicum"
"seq2791"	"Viridiplantae"	"Streptophyta"	"Magnoliopsida"	"Solanales"	"Solanaceae"	"Solanum"	"Solanum lycopersicum"
"seq641"	"Viridiplantae"	"Streptophyta"	"Magnoliopsida"	"Solanales"	"Solanaceae"	"Solanum"	"Solanum lycopersicum"
"seq649"	"Viridiplantae"	"Streptophyta"	"Magnoliopsida"	"Solanales"	"Solanaceae"	"Solanum"	"Solanum lycopersicum"
"seq1255"	"Viridiplantae"	"Streptophyta"	"Magnoliopsida"	"Solanales"	"Solanaceae"	"Solanum"	"Solanum lycopersicum"
"seq1323"	"Viridiplantae"	"Streptophyta"	"Magnoliopsida"	"Solanales"	"Solanaceae"	"Solanum"	"Solanum lycopersicum"
"seq1402"	"Viridiplantae"	"Streptophyta"	"Magnoliopsida"	"Solanales"	"Solanaceae"	"Solanum"	"Solanum lycopersicum"
"seq1422"	"Viridiplantae"	"Streptophyta"	"Magnoliopsida"	"Solanales"	"Solanaceae"	"Solanum"	"Solanum lycopersicum"
"seq8395"	"Viridiplantae"	"Streptophyta"	"Zygnemophyceae"	"Desmidiales"	"Desmidiaceae"	"Cosmarium"	"Cosmarium broomei"
"seq14539"	"Viridiplantae"	"Streptophyta"	"Zygnemophyceae"	"Desmidiales"	"Desmidiaceae"	"Cosmarium"	"Cosmarium broomei"
"seq2752"	"Viridiplantae"	"Streptophyta"	"Zygnemophyceae"	"Desmidiales"	"Desmidiaceae"	"Cosmarium"	"Cosmarium humile"
"seq3091"	"Viridiplantae"	"Streptophyta"	"Zygnemophyceae"	"Desmidiales"	"Desmidiaceae"	"Cosmarium"	"Cosmarium humile"
